<category name="Gyroscope">
  <block type="androidGyroscope_isAvailable"></block>
  <block type="androidGyroscope_startListening"></block>
  <block type="androidGyroscope_stopListening"></block>
  <block type="androidGyroscope_getProperty_AngularVelocity">
    <field name="PROP">AngularVelocity</field>
  </block>
  <block type="androidGyroscope_getProperty_Number">
    <field name="PROP">X</field>
  </block>
  <block type="androidGyroscope_getProperty_Number">
    <field name="PROP">Y</field>
  </block>
  <block type="androidGyroscope_getProperty_Number">
    <field name="PROP">Z</field>
  </block>
  <block type="androidGyroscope_getProperty_AngleUnit">
    <field name="PROP">AngleUnit</field>
  </block>
  <block type="androidGyroscope_setProperty_AngleUnit">
    <field name="PROP">AngleUnit</field>
    <value name="VALUE"><shadow type="navigation_enum_angleUnit"></shadow></value>
  </block>
</category>
