<category name="SoundPool">
  <block type="androidSoundPool_initialize"></block>
  <block type="androidSoundPool_preloadSound">
    <value name="SOUND_NAME"><shadow type="androidSoundPoolSkyStone_typedEnum_soundResource"></shadow></value>
  </block>
  <block type="androidSoundPool_preloadSound">
    <value name="SOUND_NAME"><shadow type="text"><field name="TEXT">click.wav</field></shadow></value>
  </block>
  <block type="androidSoundPool_play">
    <value name="SOUND_NAME"><shadow type="androidSoundPoolSkyStone_typedEnum_soundResource"></shadow></value>
  </block>
  <block type="androidSoundPool_play">
    <value name="SOUND_NAME"><shadow type="text"><field name="TEXT">click.wav</field></shadow></value>
  </block>
  <block type="androidSoundPool_stop"></block>
  <block type="androidSoundPool_setProperty_Number">
    <field name="PROP">Volume</field>
    <value name="VALUE"><shadow type="math_number"><field name="NUM">1.0</field></shadow></value>
  </block>
  <block type="androidSoundPool_getProperty_Number">
    <field name="PROP">Volume</field>
  </block>
  <block type="androidSoundPool_setProperty_Number">
    <field name="PROP">Rate</field>
    <value name="VALUE"><shadow type="math_number"><field name="NUM">2.0</field></shadow></value>
  </block>
  <block type="androidSoundPool_getProperty_Number">
    <field name="PROP">Rate</field>
  </block>
  <block type="androidSoundPool_setProperty_Number">
    <field name="PROP">Loop</field>
    <value name="VALUE"><shadow type="math_number"><field name="NUM">3</field></shadow></value>
  </block>
  <block type="androidSoundPool_getProperty_Number">
    <field name="PROP">Loop</field>
  </block>
</category>
