  <block type="revBlinkinLedDriver_setProperty_BlinkinPattern">
    <field name="PROP">Pattern</field>
  </block>
  <block type="revBlinkinLedDriver_typedEnum_blinkinPatternByCategoryPalette">
    <field name="CATEGORY">RAINBOW</field>
  </block>
  <block type="revBlinkinLedDriver_typedEnum_blinkinPatternRainbowWithGlitter">
  </block>
  <block type="revBlinkinLedDriver_typedEnum_blinkinPatternConfetti">
  </block>
  <block type="revBlinkinLedDriver_typedEnum_blinkinPatternShot">
  </block>
  <block type="revBlinkinLedDriver_typedEnum_blinkinPatternByCategoryPalette">
    <field name="CATEGORY">SINELON</field>
  </block>
  <block type="revBlinkinLedDriver_typedEnum_blinkinPatternByCategoryPalette">
    <field name="CATEGORY">BEATS_PER_MINUTE</field>
  </block>
  <block type="revBlinkinLedDriver_typedEnum_blinkinPatternFire">
  </block>
  <block type="revBlinkinLedDriver_typedEnum_blinkinPatternByCategoryPalette">
    <field name="CATEGORY">TWINKLES</field>
  </block>
  <block type="revBlinkinLedDriver_typedEnum_blinkinPatternByCategoryPalette">
    <field name="CATEGORY">COLOR_WAVES</field>
  </block>
  <block type="revBlinkinLedDriver_typedEnum_blinkinPatternLarsonScanner">
  </block>
  <block type="revBlinkinLedDriver_typedEnum_blinkinPatternByCategoryColor">
    <field name="CATEGORY">LIGHT_CHASE</field>
  </block>
  <block type="revBlinkinLedDriver_typedEnum_blinkinPatternHeartbeat">
  </block>
  <block type="revBlinkinLedDriver_typedEnum_blinkinPatternByCategoryColor">
    <field name="CATEGORY">BREATH</field>
  </block>
  <block type="revBlinkinLedDriver_typedEnum_blinkinPatternStrobe">
  </block>
  <block type="revBlinkinLedDriver_typedEnum_blinkinPatternByCategoryPattern">
    <field name="CATEGORY">CP1</field>
  </block>
  <block type="revBlinkinLedDriver_typedEnum_blinkinPatternByCategoryPattern">
    <field name="CATEGORY">CP2</field>
  </block>
  <block type="revBlinkinLedDriver_typedEnum_blinkinPatternCP1_2">
  </block>
  <block type="revBlinkinLedDriver_typedEnum_blinkinPatternSolid">
  </block>
  <block type="revBlinkinLedDriver_blinkinPattern_fromNumber">
    <value name="NUMBER"><shadow type="math_number"><field name="NUM">0</field></shadow></value>
  </block>
  <block type="revBlinkinLedDriver_blinkinPattern_toNumber">
    <value name="BLINKIN_PATTERN"><block type="variables_get"><field name="VAR">{patternVariable}</field></block></value>
  </block>
  <block type="revBlinkinLedDriver_blinkinPattern_toText">
    <value name="BLINKIN_PATTERN"><block type="variables_get"><field name="VAR">{patternVariable}</field></block></value>
  </block>
  <block type="revBlinkinLedDriver_blinkinPattern_next">
    <value name="BLINKIN_PATTERN"><block type="variables_get"><field name="VAR">{patternVariable}</field></block></value>
  </block>
  <block type="revBlinkinLedDriver_blinkinPattern_previous">
    <value name="BLINKIN_PATTERN"><block type="variables_get"><field name="VAR">{patternVariable}</field></block></value>
  </block>
