    <block type="vuforiaSkyStone_initialize_withCameraDirection">
      <value name="CAMERA_DIRECTION"><shadow type="navigation_typedEnum_cameraDirection"></shadow></value>
      <value name="USE_EXTENDED_TRACKING"><shadow type="logic_boolean"><field name="BOOL">TRUE</field></shadow></value>
      <value name="ENABLE_CAMERA_MONITORING"><shadow type="logic_boolean"><field name="BOOL">TRUE</field></shadow></value>
      <value name="CAMERA_MONITOR_FEEDBACK"><shadow type="navigation_typedEnum_cameraMonitorFeedback"><field name="CAMERA_MONITOR_FEEDBACK">AXES</field></shadow></value>
      <value name="PHONE_LOCATION_ON_ROBOT_DX"><shadow type="math_number"><field name="NUM">0</field></shadow></value>
      <value name="PHONE_LOCATION_ON_ROBOT_DY"><shadow type="math_number"><field name="NUM">0</field></shadow></value>
      <value name="PHONE_LOCATION_ON_ROBOT_DZ"><shadow type="math_number"><field name="NUM">0</field></shadow></value>
      <value name="PHONE_LOCATION_ON_ROBOT_X_ANGLE"><shadow type="math_number"><field name="NUM">0</field></shadow></value>
      <value name="PHONE_LOCATION_ON_ROBOT_Y_ANGLE"><shadow type="math_number"><field name="NUM">0</field></shadow></value>
      <value name="PHONE_LOCATION_ON_ROBOT_Z_ANGLE"><shadow type="math_number"><field name="NUM">0</field></shadow></value>
      <value name="USE_COMPETITION_FIELD_TARGET_LOCATIONS"><shadow type="logic_boolean"><field name="BOOL">TRUE</field></shadow></value>
    </block>
