  <category name="Vuforia">
    <category name="Optimized for SKYSTONE">
      <placeholder_camera_vuforiaSkyStone_initialize_withCameraDirection/>
      <placeholder_webcam_vuforiaSkyStone_initialize_withWebcam/>
      <block type="vuforiaSkyStone_activate"></block>
      <block type="vuforiaSkyStone_deactivate"></block>
      <block type="vuforiaSkyStone_track">
        <value name="TRACKABLE_NAME"><shadow type="vuforiaSkyStone_typedEnum_trackableName"></shadow></value>
      </block>
      <block type="vuforiaSkyStone_trackPose">
        <value name="TRACKABLE_NAME"><shadow type="vuforiaSkyStone_typedEnum_trackableName"></shadow></value>
      </block>
      <block type="vuforiaSkyStone_typedEnum_trackableName"></block>
      <block type="vuforiaTrackingResults_getProperty_String">
          <field name="PROP">Name</field>
          <value name="VUFORIA_TRACKING_RESULTS"><block type="variables_get"><field name="VAR">{vuforiaTrackingResultsVariable}</field></block></value>
      </block>
      <block type="vuforiaTrackingResults_getProperty_Boolean">
          <field name="PROP">IsVisible</field>
          <value name="VUFORIA_TRACKING_RESULTS"><block type="variables_get"><field name="VAR">{vuforiaTrackingResultsVariable}</field></block></value>
      </block>
      <block type="vuforiaTrackingResults_getProperty_Boolean">
          <field name="PROP">IsUpdatedRobotLocation</field>
          <value name="VUFORIA_TRACKING_RESULTS"><block type="variables_get"><field name="VAR">{vuforiaTrackingResultsVariable}</field></block></value>
      </block>
      <block type="vuforiaTrackingResults_getProperty_Number">
          <field name="PROP">X</field>
          <value name="VUFORIA_TRACKING_RESULTS"><block type="variables_get"><field name="VAR">{vuforiaTrackingResultsVariable}</field></block></value>
      </block>
      <block type="vuforiaTrackingResults_getProperty_Number">
          <field name="PROP">Y</field>
          <value name="VUFORIA_TRACKING_RESULTS"><block type="variables_get"><field name="VAR">{vuforiaTrackingResultsVariable}</field></block></value>
      </block>
      <block type="vuforiaTrackingResults_getProperty_Number">
          <field name="PROP">Z</field>
          <value name="VUFORIA_TRACKING_RESULTS"><block type="variables_get"><field name="VAR">{vuforiaTrackingResultsVariable}</field></block></value>
      </block>
      <block type="vuforiaTrackingResults_getProperty_Number">
          <field name="PROP">XAngle</field>
          <value name="VUFORIA_TRACKING_RESULTS"><block type="variables_get"><field name="VAR">{vuforiaTrackingResultsVariable}</field></block></value>
      </block>
      <block type="vuforiaTrackingResults_getProperty_Number">
          <field name="PROP">YAngle</field>
          <value name="VUFORIA_TRACKING_RESULTS"><block type="variables_get"><field name="VAR">{vuforiaTrackingResultsVariable}</field></block></value>
      </block>
      <block type="vuforiaTrackingResults_getProperty_Number">
          <field name="PROP">ZAngle</field>
          <value name="VUFORIA_TRACKING_RESULTS"><block type="variables_get"><field name="VAR">{vuforiaTrackingResultsVariable}</field></block></value>
      </block>
      <block type="vuforiaTrackingResults_getUpdatedRobotLocation">
          <value name="VUFORIA_TRACKING_RESULTS"><block type="variables_get"><field name="VAR">{vuforiaTrackingResultsVariable}</field></block></value>
      </block>
      <block type="vuforiaTrackingResults_formatAsTransform">
          <value name="VUFORIA_TRACKING_RESULTS"><block type="variables_get"><field name="VAR">{vuforiaTrackingResultsVariable}</field></block></value>
      </block>
      <block type="vuforiaTrackingResults_toText">
          <value name="VUFORIA_TRACKING_RESULTS"><block type="variables_get"><field name="VAR">{vuforiaTrackingResultsVariable}</field></block></value>
      </block>
    </category>
    <category name="VuforiaLocalizer">
      <block type="vuforiaLocalizer_create">
        <value name="VUFORIA_LOCALIZER_PARAMETERS"><block type="variables_get"><field name="VAR">{vuforiaLocalizerParametersVariable}</field></block></value>
      </block>
      <block type="vuforiaLocalizer_loadTrackablesFromAsset">
        <value name="VUFORIA_LOCALIZER"><block type="variables_get"><field name="VAR">{vuforiaLocalizerVariable}</field></block></value>
        <value name="ASSET_NAME"><shadow type="text"><field name="TEXT">text</field></shadow></value>
      </block>
      <block type="vuforiaLocalizer_loadTrackablesFromFile">
        <value name="VUFORIA_LOCALIZER"><block type="variables_get"><field name="VAR">{vuforiaLocalizerVariable}</field></block></value>
        <value name="ABSOLUTE_FILE_NAME"><shadow type="text"><field name="TEXT">text</field></shadow></value>
      </block>
    </category>
    <category name="VuforiaLocalizerParameters">
      <block type="vuforiaLocalizerParameters_create"></block>
      <block type="vuforiaLocalizerParameters_setVuforiaLicenseKey">
        <value name="VUFORIA_LOCALIZER_PARAMETERS"><block type="variables_get"><field name="VAR">{vuforiaLocalizerParametersVariable}</field></block></value>
        <value name="VUFORIA_LICENSE_KEY"><shadow type="text"><field name="TEXT">text</field></shadow></value>
      </block>
      <placeholder_camera_vuforiaLocalizerParameters_setCameraDirection/>
      <placeholder_webcam_vuforiaLocalizerParameters_setCameraName/>
      <placeholder_webcam_vuforiaLocalizerParameters_addWebcamCalibrationFile/>
      <block type="vuforiaLocalizerParameters_setUseExtendedTracking">
        <value name="VUFORIA_LOCALIZER_PARAMETERS"><block type="variables_get"><field name="VAR">{vuforiaLocalizerParametersVariable}</field></block></value>
        <value name="USE_EXTENDED_TRACKING"><shadow type="logic_boolean"><field name="BOOL">TRUE</field></shadow></value>
      </block>
      <block type="vuforiaLocalizerParameters_setEnableCameraMonitoring">
        <value name="VUFORIA_LOCALIZER_PARAMETERS"><block type="variables_get"><field name="VAR">{vuforiaLocalizerParametersVariable}</field></block></value>
        <value name="ENABLE_CAMERA_MONITORING"><shadow type="logic_boolean"><field name="BOOL">TRUE</field></shadow></value>
      </block>
      <block type="vuforiaLocalizerParameters_setCameraMonitorFeedback">
        <value name="VUFORIA_LOCALIZER_PARAMETERS"><block type="variables_get"><field name="VAR">{vuforiaLocalizerParametersVariable}</field></block></value>
        <value name="CAMERA_MONITOR_FEEDBACK"><shadow type="navigation_typedEnum_cameraMonitorFeedback"><field name="CAMERA_MONITOR_FEEDBACK">AXES</field></shadow></value>
      </block>
      <block type="vuforiaLocalizerParameters_setFillCameraMonitorViewParent">
        <value name="VUFORIA_LOCALIZER_PARAMETERS"><block type="variables_get"><field name="VAR">{vuforiaLocalizerParametersVariable}</field></block></value>
        <value name="FILL_CAMERA_MONITOR_VIEW_PARENT"><shadow type="logic_boolean"><field name="BOOL">FALSE</field></shadow></value>
      </block>
      <block type="vuforiaLocalizerParameters_getProperty_String">
        <field name="PROP">VuforiaLicenseKey</field>
        <value name="VUFORIA_LOCALIZER_PARAMETERS"><block type="variables_get"><field name="VAR">{vuforiaLocalizerParametersVariable}</field></block></value>
      </block>
      <placeholder_camera_vuforiaLocalizerParameters_getProperty_CameraDirection/>
      <placeholder_webcam_vuforiaLocalizerParameters_getProperty_CameraName/>
      <block type="vuforiaLocalizerParameters_getProperty_Boolean">
        <field name="PROP">UseExtendedTracking</field>
        <value name="VUFORIA_LOCALIZER_PARAMETERS"><block type="variables_get"><field name="VAR">{vuforiaLocalizerParametersVariable}</field></block></value>
      </block>
      <block type="vuforiaLocalizerParameters_getProperty_Boolean">
        <field name="PROP">EnableCameraMonitoring</field>
        <value name="VUFORIA_LOCALIZER_PARAMETERS"><block type="variables_get"><field name="VAR">{vuforiaLocalizerParametersVariable}</field></block></value>
      </block>
      <block type="vuforiaLocalizerParameters_getProperty_CameraMonitorFeedback">
        <field name="PROP">CameraMonitorFeedback</field>
        <value name="VUFORIA_LOCALIZER_PARAMETERS"><block type="variables_get"><field name="VAR">{vuforiaLocalizerParametersVariable}</field></block></value>
      </block>
      <block type="vuforiaLocalizerParameters_getProperty_Boolean">
        <field name="PROP">FillCameraMonitorViewParent</field>
        <value name="VUFORIA_LOCALIZER_PARAMETERS"><block type="variables_get"><field name="VAR">{vuforiaLocalizerParametersVariable}</field></block></value>
      </block>
    </category>
    <category name="VuforiaTrackable">
      <block type="vuforiaTrackable_getProperty_OpenGLMatrix">
        <field name="PROP">Location</field>
        <value name="VUFORIA_TRACKABLE"><block type="variables_get"><field name="VAR">{vuforiaTrackableVariable}</field></block></value>
      </block>
      <block type="vuforiaTrackable_getProperty_Object">
        <field name="PROP">UserData</field>
        <value name="VUFORIA_TRACKABLE"><block type="variables_get"><field name="VAR">{vuforiaTrackableVariable}</field></block></value>
      </block>
      <block type="vuforiaTrackable_getProperty_VuforiaTrackables">
        <field name="PROP">Trackables</field>
        <value name="VUFORIA_TRACKABLE"><block type="variables_get"><field name="VAR">{vuforiaTrackableVariable}</field></block></value>
      </block>
      <block type="vuforiaTrackable_getProperty_String">
        <field name="PROP">Name</field>
        <value name="VUFORIA_TRACKABLE"><block type="variables_get"><field name="VAR">{vuforiaTrackableVariable}</field></block></value>
      </block>
      <block type="vuforiaTrackable_getProperty_VuforiaTrackableDefaultListener">
        <field name="PROP">Listener</field>
        <value name="VUFORIA_TRACKABLE"><block type="variables_get"><field name="VAR">{vuforiaTrackableVariable}</field></block></value>
      </block>
      <block type="vuforiaTrackable_setLocation">
        <value name="VUFORIA_TRACKABLE"><block type="variables_get"><field name="VAR">{vuforiaTrackableVariable}</field></block></value>
        <value name="MATRIX"><block type="variables_get"><field name="VAR">{matrixVariable}</field></block></value>
      </block>
      <block type="vuforiaTrackable_setUserData">
        <value name="VUFORIA_TRACKABLE"><block type="variables_get"><field name="VAR">{vuforiaTrackableVariable}</field></block></value>
      </block>
      <block type="vuforiaTrackable_setName">
        <value name="VUFORIA_TRACKABLE"><block type="variables_get"><field name="VAR">{vuforiaTrackableVariable}</field></block></value>
        <value name="NAME"><shadow type="text"><field name="TEXT">text</field></shadow></value>
      </block>
    </category>
    <category name="VuforiaTrackableDefaultListener">
      <placeholder_camera_vuforiaTrackableDefaultListener_setPhoneInformation/>
      <placeholder_webcam_vuforiaTrackableDefaultListener_setCameraLocationOnRobot/>
      <block type="vuforiaTrackableDefaultListener_isVisible">
        <value name="VUFORIA_TRACKABLE_DEFAULT_LISTENER"><block type="variables_get"><field name="VAR">{vuforiaTrackableDefaultListenerVariable}</field></block></value>
      </block>
      <block type="vuforiaTrackableDefaultListener_getUpdatedRobotLocation">
        <value name="VUFORIA_TRACKABLE_DEFAULT_LISTENER"><block type="variables_get"><field name="VAR">{vuforiaTrackableDefaultListenerVariable}</field></block></value>
      </block>
      <block type="vuforiaTrackableDefaultListener_getPose">
        <value name="VUFORIA_TRACKABLE_DEFAULT_LISTENER"><block type="variables_get"><field name="VAR">{vuforiaTrackableDefaultListenerVariable}</field></block></value>
      </block>
    </category>
    <category name="VuforiaTrackables">
      <block type="vuforiaTrackables_getProperty_Number">
        <field name="PROP">Size</field>
        <value name="VUFORIA_TRACKABLES"><block type="variables_get"><field name="VAR">{vuforiaTrackablesVariable}</field></block></value>
      </block>
      <block type="vuforiaTrackables_getProperty_String">
        <field name="PROP">Name</field>
        <value name="VUFORIA_TRACKABLES"><block type="variables_get"><field name="VAR">{vuforiaTrackablesVariable}</field></block></value>
      </block>
      <block type="vuforiaTrackables_getProperty_VuforiaLocalizer">
        <field name="PROP">Localizer</field>
        <value name="VUFORIA_TRACKABLES"><block type="variables_get"><field name="VAR">{vuforiaTrackablesVariable}</field></block></value>
      </block>
      <block type="vuforiaTrackables_get">
        <value name="VUFORIA_TRACKABLES"><block type="variables_get"><field name="VAR">{vuforiaTrackablesVariable}</field></block></value>
        <value name="INDEX"><shadow type="math_number"><field name="NUM">0</field></shadow></value>
      </block>
      <block type="vuforiaTrackables_setName">
        <value name="VUFORIA_TRACKABLES"><block type="variables_get"><field name="VAR">{vuforiaTrackablesVariable}</field></block></value>
        <value name="NAME"><shadow type="text"><field name="TEXT">text</field></shadow></value>
      </block>
      <block type="vuforiaTrackables_activate">
        <value name="VUFORIA_TRACKABLES"><block type="variables_get"><field name="VAR">{vuforiaTrackablesVariable}</field></block></value>
      </block>
      <block type="vuforiaTrackables_deactivate">
        <value name="VUFORIA_TRACKABLES"><block type="variables_get"><field name="VAR">{vuforiaTrackablesVariable}</field></block></value>
      </block>
    </category>
  </category>
